{
    "Brazil": [
        -14.2400732,-53.1805018
    ], 
    "Canada": [
        56,-96
    ], 
    "Italy": [
        41.2924601,12.5736108
    ], 
    "Mauritania": [
        21.0078589,-10.951734
    ], 
    "Viet Nam": [
        15.9030623,105.8066925
    ], 
    "Panama": [
        8.4255725,-80.1053645
    ], 
    "Vanuatu": [
        -15.4492793,167.595411
    ], 
    "Bahamas": [
        24.0877465,-76.5935076
    ], 
    "Bermuda": [
        32.3191775,-64.7670827
    ], 
    "United Kingdom of Great Britain and Northern Ireland": [
        55.3617609,-3.4433238
    ], 
    "Nigeria": [
        9.077751,8.6774567
    ], 
    "Cameroon": [
        7.3696495,12.3445856
    ], 
    "Cote d'Ivoire": [
        7.5455112,-5.547545
    ], 
    "Benin": [
        9.3217214,2.3100051
    ], 
    "Ghana": [
        7.9527706,-1.0307118
    ], 
    "Australia": [
        -26.4390742,133.2813229
    ], 
    "Singapore": [
        1.3146632,103.8454093
    ], 
    "Norway": [
        64.5783089,17.888237
    ], 
    "Venezuela": [
        5.1632956,-69.4146705
    ], 
    "China": [
        35.8592948,104.1361118
    ], 
    "Marshall Islands": [
        7.1373114,171.2061072
    ], 
    "Belize": [
        17.1907805,-88.3596575
    ], 
    "Spain": [
        40.2085,-3.713
    ], 
    "Liberia": [
        6.4336999,-9.4217515
    ], 
    "Libyan Arab Jamahiriya": [
        26.3347113,17.2692101
    ], 
    "Philippines": [
        11.6978351,122.6217542
    ], 
    "Indonesia": [
        -2.548926,118.0148634
    ], 
    "Gabon": [
        -0.8201314,11.6098044
    ], 
    "Thailand": [
        13.03887,101.490104
    ], 
    "New Zealand": [
        -43.3744881,172.4662705
    ], 
    "Angola": [
        -11.2135241,17.8770032
    ], 
    "Equatorial Guinea": [
        1.6195138,10.317782
    ], 
    "Egypt": [
        26.8357675,30.7956597
    ], 
    "Mexico": [
        23.6260333,-102.5375005
    ], 
    "India": [
        21.1289956,82.7792201
    ], 
    "South Africa": [
        -28.4792625,24.6727135
    ], 
    "Malaysia": [
        4.140634,109.6181485
    ], 
    "Senegal": [
        14.5001717,-14.4392276
    ], 
    "Congo": [
        -0.6605788,14.8965794
    ], 
    "Saint Vincent and the Grenadines": [
        13.252818,-61.197096
    ], 
    "Tunisia": [
        33.7931605,9.5607653
    ], 
    "UK": [
        55.3617609,-3.4433238
    ]
}